{"cameraMode":{"drawMode":0,"name":"Shaded","section":"Shading Mode"},"sceneLighting":true,"audioPlay":false,"sceneViewState":{"m_AlwaysRefresh":false,"showFog":true,"showSkybox":true,"showFlares":true,"showImageEffects":true,"showParticleSystems":true,"showVisualEffectGraphs":true,"m_FxEnabled":true},"in2DMode":false,"pivot":{"x":0.27994775772094729,"y":0.687000572681427,"z":-0.7781370282173157},"rotation":{"x":0.053100552409887317,"y":0.7118131518363953,"z":-0.0541280135512352,"w":0.6982724666595459},"size":0.8604722023010254,"orthographic":false}